사자성어,한글,뜻,훈음
苦盡甘來,고진감래,고생 끝에 즐거움이 옴,"쓸 고, 다할 진, 달 감, 올 래"
晝耕夜讀,주경야독,낮에 농사짓고 밤에 글을 읽음,"낮 주, 밭갈 경, 밤 야, 읽을 독"
大器晩成,대기만성,큰 인물은 늦게 이루어짐,"클 대, 그릇 기, 늦을 만, 이룰 성"
結者解之,결자해지,일을 벌인 사람이 해결해야 함,"맺을 결, 놈 자, 풀 해, 갈 지"
雪上加霜,설상가상,어려운 일이 겹쳐서 일어남,"눈 설, 윗 상, 더할 가, 서리 상"
一石二鳥,일석이조,한 가지 일로 두 가지 이익을 얻음,"한 일, 돌 석, 두 이, 새 조"
錦上添花,금상첨화,좋은 일에 좋은 일이 겹침,"비단 금, 윗 상, 더할 첨, 꽃 화"
有備無患,유비무환,미리 준비가 있으면 환난이 없음,"있을 유, 갖출 비, 없을 무, 근심 환"
塞翁之馬,새옹지마,인생의 길흉화복은 변화가 많아 예측하기 어려움,"변방 새, 늙은이 옹, 갈 지, 말 마"
兎死狗烹,토사구팽,필요할 때는 쓰고 필요 없을 때는 버림,"토끼 토, 죽을 사, 개 구, 삶을 팽"
漁父之利,어부지리,두 사람이 다투는 사이 제삼자가 이익을 챙김,"고기잡을 어, 아비 부, 갈 지, 이로울 리"
易地思之,역지사지,처지를 바꾸어 생각함,"바꿀 역, 땅 지, 생각할 사, 갈 지"
烏飛梨落,오비이락,"까마귀 날자 배 떨어진다, 우연의 일치로 오해를 받음","까마귀 오, 날 비, 배나무 리, 떨어질 락"
愚公移山,우공이산,꾸준히 노력하면 큰일도 이룰 수 있음,"어리석을 우, 공평할 공, 옮길 이, 뫼 산"
溫故知新,온고지신,옛것을 익혀 새것을 앎,"따뜻할 온, 옛 고, 알 지, 새 신"
緣木求魚,연목구어,"나무에 올라 고기를 구함, 불가능한 일을 하려 함","인연 연, 나무 목, 구할 구, 고기 어"
多多益善,다다익선,많으면 많을수록 좋음,"많을 다, 많을 다, 더할 익, 착할 선"
竹馬故友,죽마고우,어릴 때부터 같이 놀며 자란 친한 친구,"대 죽, 말 마, 옛 고, 벗 우"
靑出於藍,청출어람,제자가 스승보다 뛰어남,"푸를 청, 날 출, 어조사 어, 쪽 람"
換骨奪胎,환골탈태,"뼈를 바꾸고 태를 빼앗음, 모습이 눈부시게 달라짐","바꿀 환, 뼈 골, 빼앗을 탈, 아이밸 태"
同病相憐,동병상련,같은 병을 앓는 사람끼리 서로 가엾게 여김,"한가지 동, 병 병, 서로 상, 불쌍히여길 련"
九死一生,구사일생,"아홉 번 죽을 뻔하다 한 번 살아남, 죽을 고비를 넘김","아홉 구, 죽을 사, 한 일, 날 생"
四面楚歌,사면초가,사방이 적으로 둘러싸여 고립된 상태,"넉 사, 얼굴 면, 초나라 초, 노래 가"
自業自得,자업자득,자신이 저지른 일의 결과를 자신이 받음,"스스로 자, 업 업, 스스로 자, 얻을 득"
賊反荷杖,적반하장,잘못한 사람이 도리어 화를 냄,"도둑 적, 돌이킬 반, 멜 하, 지팡이 장"
針小棒大,침소봉대,작은 일을 크게 부풀려 말함,"바늘 침, 작을 소, 몽둥이 봉, 클 대"
表裏不同,표리부동,겉과 속이 다름,"겉 표, 속 리, 아닐 부, 한가지 동"
莫上莫下,막상막하,실력이 비슷하여 우열을 가리기 힘듦,"없을 막, 윗 상, 없을 막, 아래 하"
非夢似夢,비몽사몽,꿈인지 생시인지 어렴풋한 상태,"아닐 비, 꿈 몽, 같을 사, 꿈 몽"
進退兩難,진퇴양난,이러지도 저러지도 못하는 난처한 처지,"나아갈 진, 물러날 퇴, 두 양, 어려울 난"
天高馬肥,천고마비,"하늘은 높고 말은 살찐다, 가을을 이르는 말","하늘 천, 높을 고, 말 마, 살찔 비"
日就月將,일취월장,날마다 달마다 발전하고 나아감,"날 일, 나아갈 취, 달 월, 나아갈 장"
作心三日,작심삼일,결심한 마음이 사흘을 가지 못함,"지을 작, 마음 심, 석 삼, 날 일"
東問西答,동문서답,묻는 말에 전혀 엉뚱한 대답을 함,"동녘 동, 물을 문, 서녘 서, 대답 답"
牛耳讀經,우이독경,"소 귀에 경 읽기, 아무리 가르쳐도 알아듣지 못함","소 우, 귀 이, 읽을 독, 글 경"
馬耳東風,마이동풍,남의 말을 귀담아듣지 않고 흘려버림,"말 마, 귀 이, 동녘 동, 바람 풍"
半信半疑,반신반의,반쯤 믿고 반쯤 의심함,"반 반, 믿을 신, 반 반, 의심할 의"
時機尙早,시기상조,어떤 일을 하기에 아직 때가 이름,"때 시, 틀 기, 오히려 상, 이를 조"
百害無益,백해무익,해롭기만 하고 이로움이 전혀 없음,"일백 백, 해할 해, 없을 무, 더할 익"
百發百中,백발백중,"백 번 쏘아 백 번 맞힘, 예상이 모두 적중함","일백 백, 쏠 발, 일백 백, 맞을 중"
十中八九,십중팔구,"열 가운데 여덟이나 아홉, 거의 예외 없이","열 십, 가운데 중, 여덟 팔, 아홉 구"
名實相符,명실상부,이름과 실상이 서로 들어맞음,"이름 명, 열매 실, 서로 상, 부호 부"
附和雷同,부화뇌동,줏대 없이 남의 의견에 따라 움직임,"붙을 부, 화할 화, 우레 뢰, 한가지 동"
天眞爛漫,천진난만,꾸밈없이 자연스럽고 순진함,"하늘 천, 참 진, 빛날 란, 흩어질 만"
前無後無,전무후무,전에도 없었고 앞으로도 없음,"앞 전, 없을 무, 뒤 후, 없을 무"
金科玉條,금과옥조,금이나 옥처럼 귀중히 여겨야 할 규칙,"쇠 금, 과목 과, 구슬 옥, 가지 조"
勞心焦思,노심초사,몹시 마음을 졸이며 애태움,"일할 로, 마음 심, 탈 초, 생각 사"
多才多能,다재다능,재주와 능력이 많음,"많을 다, 재주 재, 많을 다, 능할 능"
大同小異,대동소이,"크게 같고 작게 다름, 거의 비슷함","클 대, 한가지 동, 작을 소, 다를 이"
東奔西走,동분서주,이리저리 몹시 바쁘게 돌아다님,"동녘 동, 달릴 분, 서녘 서, 달릴 주"
明若觀火,명약관화,불을 보듯 뻔하고 분명함,"밝을 명, 같을 약, 볼 관, 불 화"
無用之物,무용지물,아무 쓸모가 없는 물건이나 사람,"없을 무, 쓸 용, 갈 지, 만물 물"
博學多識,박학다식,학식이 넓고 아는 것이 많음,"넓을 박, 배울 학, 많을 다, 알 식"
反面敎師,반면교사,다른 사람의 잘못을 보고 깨달음을 얻음,"돌이킬 반, 얼굴 면, 가르칠 교, 스승 사"
傍若無人,방약무인,곁에 사람이 없는 것처럼 함부로 행동함,"곁 방, 같을 약, 없을 무, 사람 인"
白骨難忘,백골난망,"죽어서 뼈가 하얗게 되어도 잊지 못함, 깊은 은혜","흰 백, 뼈 골, 어려울 난, 잊을 망"
山戰水戰,산전수전,"산과 물에서 싸움, 세상의 온갖 험한 일을 겪음","뫼 산, 싸울 전, 물 수, 싸울 전"
先見之明,선견지명,앞일을 미리 내다보는 밝은 지혜,"먼저 선, 볼 견, 갈 지, 밝을 명"
束手無策,속수무책,손을 묶인 듯이 어찌할 도리가 없음,"묶을 속, 손 수, 없을 무, 채찍 책"
袖手傍觀,수수방관,팔짱을 끼고 곁에서 보기만 함,"소매 수, 손 수, 곁 방, 볼 관"
始終一貫,시종일관,처음부터 끝까지 변함없이 한결같음,"비로소 시, 마칠 종, 한 일, 꿸 관"
深思熟考,심사숙고,깊이 생각하고 신중하게 따져봄,"깊을 심, 생각 사, 익을 숙, 생각할 고"
我田引水,아전인수,"자기 논에 물 대기, 자기에게 유리하게만 행동함","나 아, 밭 전, 끌 인, 물 수"
語不成說,어불성설,말이 이치에 맞지 않음,"말씀 어, 아닐 불, 이룰 성, 말씀 설"
言行一致,언행일치,말과 행동이 하나로 들어맞음,"말씀 언, 다닐 행, 한 일, 이를 치"
有名無實,유명무실,이름만 있고 실속은 없음,"있을 유, 이름 명, 없을 무, 열매 실"
以心傳心,이심전심,마음과 마음으로 뜻이 통함,"써 이, 마음 심, 전할 전, 마음 심"
一擧兩得,일거양득,한 가지 일로 두 가지 이익을 얻음,"한 일, 들 거, 두 양, 얻을 득"
一瀉千里,일사천리,"강물이 단숨에 천 리를 흘러감, 일이 거침없이 진행됨","한 일, 쏟을 사, 일천 천, 마을 리"
自家當着,자가당착,자기 언행의 앞뒤가 모순됨,"스스로 자, 집 가, 마땅 당, 붙을 착"
電光石火,전광석화,번갯불이나 부싯돌의 불꽃처럼 매우 빠름,"번개 전, 빛 광, 돌 석, 불 화"
戰戰兢兢,전전긍긍,몹시 두려워하여 벌벌 떨며 조심함,"싸울 전, 싸울 전, 떨 긍, 떨 긍"
轉禍爲福,전화위복,화가 바뀌어 오히려 복이 됨,"구를 전, 재앙 화, 할 위, 복 복"
朝三暮四,조삼모사,얕은 꾀로 남을 속여 농락함,"아침 조, 석 삼, 저물 모, 넉 사"
主客顚倒,주객전도,주인과 손님의 위치가 바뀜,"주인 주, 손 객, 엎어질 전, 넘어질 도"
衆口難防,중구난방,"뭇사람의 입을 막기 어려움, 의견이 제각각임","무리 중, 입 구, 어려울 난, 막을 방"
天方地軸,천방지축,못난 사람이 종작없이 덤벙이는 모습,"하늘 천, 모 방, 땅 지, 굴대 축"
千載一遇,천재일우,"천 년에 한 번 만남, 좀처럼 얻기 어려운 좋은 기회","일천 천, 해 재, 한 일, 만날 우"
靑天霹靂,청천벽력,"맑게 갠 하늘에서 치는 벼락, 뜻밖의 큰 사건","푸를 청, 하늘 천, 벼락 벽, 벼락 력"
七顚八起,칠전팔기,일곱 번 넘어져도 여덟 번 일어남,"일곱 칠, 엎어질 전, 여덟 팔, 일어날 기"
貪官汚吏,탐관오리,욕심이 많고 행실이 깨끗하지 못한 관리,"탐할 탐, 벼슬 관, 더러울 오, 아전 리"
破竹之勢,파죽지세,대나무를 쪼개는 듯한 거침없는 기세,"깨뜨릴 파, 대 죽, 갈 지, 형세 세"
平地風波,평지풍파,평온한 곳에 일어나는 분란이나 위기,"평평할 평, 땅 지, 바람 풍, 물결 파"
鶴首苦待,학수고대,학처럼 목을 길게 빼고 간절히 기다림,"학 학, 머리 수, 쓸 고, 기다릴 대"
虛心坦懷,허심탄회,마음을 비우고 솔직하게 털어놓음,"빌 허, 마음 심, 평평할 탄, 품을 회"
浩然之氣,호연지기,크고 넓게 뻗어 있는 씩씩한 도덕적 기운,"클 호, 그럴 연, 갈 지, 기운 기"
多事多難,다사다난,일도 많고 어려움도 많음,"많을 다, 일 사, 많을 다, 어려울 난"
三顧草廬,삼고초려,인재를 얻기 위해 세 번이나 찾아감,"석 삼, 돌아볼 고, 풀 초, 오두막집 려"
甲論乙駁,갑론을박,서로 자신의 주장을 내세우며 상대방을 반박함,"갑옷 갑, 논할 론, 새 을, 논박할 박"
孤軍奮鬪,고군분투,적은 인원이나 약한 힘으로 남의 도움 없이 힘껏 싸움,"외로울 고, 군사 군, 떨칠 분, 싸울 투"
過猶不及,과유불급,지나친 것은 미치지 못한 것과 같음,"지날 과, 오히려 유, 아닐 불, 미칠 급"
勸善懲惡,권선징악,착한 일을 권하고 악한 일을 벌함,"권할 권, 착할 선, 징계할 징, 악할 악"
錦衣還鄕,금의환향,"비단옷을 입고 고향에 돌아감, 출세하여 고향에 옴","비단 금, 옷 의, 돌아올 환, 시골 향"
起死回生,기사회생,죽을 뻔하다가 다시 살아남,"일어날 기, 죽을 사, 돌아올 회, 날 생"
九牛一毛,구우일모,"아홉 마리 소 가운데서 뽑은 터럭 하나, 매우 적은 것","아홉 구, 소 우, 한 일, 털 모"
大驚失色,대경실색,크게 놀라 얼굴빛을 잃음,"클 대, 놀랄 경, 잃을 실, 빛 색"
同苦同樂,동고동락,괴로움도 즐거움도 함께함,"한가지 동, 쓸 고, 한가지 동, 즐길 락"
孟母三遷,맹모삼천,자녀 교육을 위해 좋은 환경을 찾아 이사함,"맏 맹, 어미 모, 석 삼, 옮길 천"
百年偕老,백년해로,부부가 되어 평생을 함께 즐겁게 지냄,"일백 백, 해 년, 함께 해, 늙을 로"
沙上樓閣,사상누각,"모래 위에 지은 집, 기초가 튼튼하지 못한 사물이나 일","모래 사, 윗 상, 다락 루, 집 각"
刻骨難忘,각골난망,은혜를 뼈에 새겨 잊지 않음,"새길 각, 뼈 골, 어려울 난, 잊을 망"
甘言利說,감언이설,달콤한 말과 이로운 조건으로 꾀는 말,"달 감, 말씀 언, 이로울 리, 말씀 설"
改過遷善,개과천선,지난날의 잘못을 뉘우치고 착하게 됨,"고칠 개, 지날 과, 옮길 천, 착할 선"
去頭截尾,거두절미,"머리와 꼬리를 자름, 요점만 말함","갈 거, 머리 두, 끊을 절, 꼬리 미"
隔世之感,격세지감,세대가 몰라보게 변한 것을 느끼는 마음,"사이뜰 격, 인간 세, 갈 지, 느낄 감"
見物生心,견물생심,물건을 보면 욕심이 생김,"볼 견, 만물 물, 날 생, 마음 심"
結草報恩,결초보은,죽어서도 은혜를 잊지 않고 갚음,"맺을 결, 풀 초, 갚을 보, 은혜 은"
輕擧妄動,경거망동,가볍고 망령되게 행동함,"가벼울 경, 들 거, 망령될 망, 움직일 동"
誇大妄想,과대망상,사실보다 과장하여 터무니없이 생각함,"자랑할 과, 클 대, 망령될 망, 생각할 상"
口蜜腹劍,구밀복검,"입에는 꿀을 바르고 배에는 칼을 품음, 겉과 속이 다름","입 구, 꿀 밀, 배 복, 칼 검"
群鷄一鶴,군계일학,평범한 사람들 가운데 뛰어난 한 사람,"무리 군, 닭 계, 한 일, 학 학"
囊中之錐,낭중지추,"주머니 속의 송곳, 뛰어난 재능은 숨길 수 없음","주머니 낭, 가운데 중, 갈 지, 송곳 추"
怒發大發,노발대발,몹시 화를 냄,"성낼 노, 쏠 발, 클 대, 쏠 발"
多岐亡羊,다기망양,학문의 길이 여러 갈래여서 진리를 찾기 어려움,"많을 다, 갈림길 기, 잃을 망, 양 양"
單刀直入,단도직입,요점이나 본문제로 바로 들어감,"홑 단, 칼 도, 곧을 직, 들 입"
螳螂拒轍,당랑거철,"사마귀가 수레를 막음, 제 분수를 모르고 강적에게 덤빔","사마귀 당, 사마귀 랑, 막을 거, 바퀴자국 철"
大義名分,대의명분,사람으로서 마땅히 지켜야 할 중대한 도리와 본분,"클 대, 옳을 의, 이름 명, 나눌 분"
獨守空房,독수공방,아내가 남편 없이 홀로 방을 지킴,"홀로 독, 지킬 수, 빌 공, 방 방"
同床異夢,동상이몽,겉으로는 같이 행동하면서 속으로는 딴생각을 함,"한가지 동, 평상 상, 다를 이, 꿈 몽"
杜門不出,두문불출,집에만 있고 바깥출입을 하지 않음,"막을 두, 문 문, 아닐 불, 날 출"
燈下不明,등하불명,가까이 있는 일을 도리어 모름,"등불 등, 아래 하, 아닐 불, 밝을 명"
馬脚露出,마각노출,숨기고 있던 일이나 정체가 드러남,"말 마, 다리 각, 이슬 로, 날 출"
萬事休矣,만사휴의,모든 일이 가망이 없음,"일만 만, 일 사, 쉴 휴, 어조사 의"
茫然自失,망연자실,정신을 잃고 어리둥절한 모양,"아득할 망, 그럴 연, 스스로 자, 잃을 실"
麥秀之歎,맥수지탄,나라가 망한 것을 한탄함,"보리 맥, 빼어날 수, 갈 지, 탄식할 탄"
面從腹背,면종복배,겉으로는 복종하는 체하면서 속으로는 배반함,"얼굴 면, 좇을 종, 배 복, 등 배"
滅私奉公,멸사봉공,사욕을 버리고 공익을 위해 힘씀,"멸할 멸, 사사로울 사, 받들 봉, 공평할 공"
明鏡止水,명경지수,"맑은 거울과 고요한 물, 잡념이 없는 깨끗한 마음","밝을 명, 거울 경, 그칠 지, 물 수"
武陵桃源,무릉도원,속세를 떠난 평화롭고 아름다운 곳,"호반 무, 언덕 릉, 복숭아 도, 근원 원"
無所不爲,무소불위,하지 못할 일이 없음,"없을 무, 바 소, 아닐 불, 할 위"
美辭麗句,미사여구,아름답게 꾸민 말과 글귀,"아름다울 미, 말씀 사, 고울 려, 글귀 구"
拍掌大笑,박장대소,손뼉을 치며 크게 웃음,"칠 박, 손바닥 장, 클 대, 웃을 소"
反哺之孝,반포지효,자식이 자라서 부모의 은혜에 보답함,"돌이킬 반, 먹일 포, 갈 지, 효도 효"
拔本塞源,발본색원,나쁜 일의 근본 원인을 완전히 없애버림,"뺄 발, 근본 본, 막을 색, 근원 원"
背恩忘德,배은망덕,은혜를 저버리고 덕을 잊음,"등 배, 은혜 은, 잊을 망, 큰 덕"
百年大計,백년대계,먼 앞날까지 내다보고 세우는 큰 계획,"일백 백, 해 년, 클 대, 꾈 계"
百戰百勝,백전백승,싸울 때마다 모두 이김,"일백 백, 싸울 전, 일백 백, 이길 승"
百尺竿頭,백척간두,몹시 위태롭고 어려운 처지,"일백 백, 자 척, 장대 간, 머리 두"
不知其數,부지기수,그 수를 헤아릴 수 없을 만큼 많음,"아닐 불, 알 지, 그 기, 셈 수"
不可抗力,불가항력,사람의 힘으로는 어찌할 수 없는 힘,"아닐 불, 옳을 가, 막을 항, 힘 력"
不撓不屈,불요불굴,어떤 어려움에도 굽히지 않음,"아닐 불, 어지러울 요, 아닐 불, 굽을 굴"
不恥下問,불치하문,아랫사람에게 묻는 것을 부끄러워하지 않음,"아닐 불, 부끄러울 치, 아래 하, 물을 문"
非一非再,비일비재,"한두 번이 아님, 흔히 있음","아닐 비, 한 일, 아닐 비, 두 재"
氷炭之間,빙탄지간,서로 화합할 수 없는 사이,"얼음 빙, 숯 탄, 갈 지, 사이 간"
四面春風,사면춘풍,누구에게나 모나지 않게 좋게 대함,"넉 사, 얼굴 면, 봄 춘, 바람 풍"
史上初有,사상초유,역사상 처음 있는 일,"역사 사, 윗 상, 처음 초, 있을 유"
事必歸正,사필귀정,모든 일은 결국 이치대로 돌아감,"일 사, 반드시 필, 돌아갈 귀, 바를 정"
山海珍味,산해진미,산과 바다에서 나는 온갖 맛있는 음식,"뫼 산, 바다 해, 보배 진, 맛 미"
殺身成仁,살신성인,자신을 희생하여 옳은 도리를 행함,"죽일 살, 몸 신, 이룰 성, 어질 인"
三三五五,삼삼오오,세 사람이나 다섯 사람씩 떼를 지은 모양,"석 삼, 석 삼, 다섯 오, 다섯 오"
桑田碧海,상전벽해,세상이 몰라보게 바뀜,"뽕나무 상, 밭 전, 푸를 벽, 바다 해"
色卽是空,색즉시공,형체 있는 것은 덧없고 허무함,"빛 색, 곧 즉, 이 시, 빌 공"
先憂後樂,선우후락,근심은 남보다 먼저 하고 즐거움은 나중에 함,"먼저 선, 근심할 우, 뒤 후, 즐길 락"
聲東擊西,성동격서,한쪽을 칠 것처럼 속이고 다른 쪽을 침,"소리 성, 동녘 동, 칠 격, 서녘 서"
小貪大失,소탐대실,작은 것을 탐하다가 큰 것을 잃음,"작을 소, 탐할 탐, 클 대, 잃을 실"
送舊迎新,송구영신,묵은해를 보내고 새해를 맞음,"보낼 송, 예 구, 맞을 영, 새 신"
首丘初心,수구초심,고향을 그리워하는 마음,"머리 수, 언덕 구, 처음 초, 마음 심"
脣亡齒寒,순망치한,이해관계가 밀접하여 하나가 망하면 다른 하나도 위태로워짐,"입술 순, 잃을 망, 이 치, 찰 한"
乘勝長驅,승승장구,승세를 타고 거침없이 나아감,"탈 승, 이길 승, 길 장, 몰 구"
是是非非,시시비비,옳고 그름을 따져 가림,"옳을 시, 옳을 시, 아닐 비, 아닐 비"
信賞必罰,신상필벌,상벌을 공정하고 엄격하게 함,"믿을 신, 상줄 상, 반드시 필, 벌할 벌"
神出鬼沒,신출귀몰,자유자재로 나타났다 사라짐,"귀신 신, 날 출, 귀신 귀, 빠질 몰"
心機一轉,심기일전,어떤 동기로 마음가짐을 완전히 바꿈,"마음 심, 틀 기, 한 일, 구를 전"
十匙一飯,십시일반,여럿이 힘을 합치면 한 사람 돕기는 쉬움,"열 십, 숟가락 시, 한 일, 밥 반"
阿鼻叫喚,아비규환,심한 고통으로 울부짖는 참상,"언덕 아, 코 비, 부를 규, 부를 환"
眼下無人,안하무인,교만하여 남을 업신여김,"눈 안, 아래 하, 없을 무, 사람 인"
暗中摸索,암중모색,어림짐작으로 사물을 알아내려 함,"어두울 암, 가운데 중, 찾을 모, 찾을 색"
羊頭狗肉,양두구육,겉과 속이 일치하지 않음,"양 양, 머리 두, 개 구, 고기 육"
良藥苦口,양약고구,좋은 충고는 듣기 싫으나 자신에게 이로움,"어질 량, 약 약, 쓸 고, 입 구"
嚴冬雪寒,엄동설한,눈 내리는 몹시 추운 겨울,"엄할 엄, 겨울 동, 눈 설, 찰 한"
如履薄氷,여리박빙,아슬아슬하고 위험한 일,"같을 여, 밟을 리, 얇을 박, 얼음 빙"
連戰連勝,연전연승,싸울 때마다 계속 이김,"이을 연, 싸울 전, 이을 연, 이길 승"
寤寐不忘,오매불망,자나 깨나 잊지 못함,"깰 오, 잘 매, 아닐 불, 잊을 망"
吳越同舟,오월동주,서로 미워하는 사람이 같은 처지에 놓임,"오나라 오, 넘을 월, 한가지 동, 배 주"
烏合之卒,오합지졸,규율도 통일성도 없는 군중,"까마귀 오, 합할 합, 갈 지, 군사 졸"
玉石俱焚,옥석구분,선악의 구별 없이 함께 재앙을 당함,"구슬 옥, 돌 석, 갖출 구, 불사를 분"
曰可曰否,왈가왈부,어떤 일에 대하여 옳거니 그르거니 말함,"가로 왈, 옳을 가, 가로 왈, 아닐 부"
搖之不動,요지부동,흔들어도 꼼짝하지 않음,"흔들 요, 갈 지, 아닐 불, 움직일 동"
龍頭蛇尾,용두사미,시작은 거창하나 끝은 흐지부지함,"용 용, 머리 두, 뱀 사, 꼬리 미"
井底之蛙,정저지와,"우물 안 개구리, 식견이 좁은 사람","우물 정, 밑 저, 갈 지, 개구리 와"
迂餘曲折,우여곡절,일이 얽히고설켜 복잡함,"멀 우, 남을 여, 굽을 곡, 꺾을 절"
流言蜚語,유언비어,근거 없이 널리 퍼진 소문,"흐를 류, 말씀 언, 바퀴벌레 비, 말씀 어"
泣斬馬謖,읍참마속,대의를 위해 사사로운 정을 버림,"울 읍, 벨 참, 말 마, 일어날 속"
意氣揚揚,의기양양,뜻한 바를 이루어 만족한 모습,"뜻 의, 기운 기, 날릴 양, 날릴 양"
一片丹心,일편단심,오직 한 곳을 향한 변치 않는 마음,"한 일, 조각 편, 붉을 단, 마음 심"
以熱治熱,이열치열,열은 열로 다스림,"써 이, 더울 열, 다스릴 치, 더울 열"
因果應報,인과응보,행위의 선악에 따라 그에 맞는 결과를 얻음,"인할 인, 열매 과, 응할 응, 갚을 보"
人面獸心,인면수심,사람의 탈을 썼으나 마음은 짐승과 같음,"사람 인, 얼굴 면, 짐승 수, 마음 심"
一騎當千,일기당천,혼자서 천 명을 당해낼 만큼 용맹함,"한 일, 말탈 기, 마땅 당, 일천 천"
一網打盡,일망타진,한꺼번에 모조리 다 잡음,"한 일, 그물 망, 칠 타, 다할 진"
一罰百戒,일벌백계,한 사람을 엄벌하여 여러 사람에게 경각심을 줌,"한 일, 벌할 벌, 일백 백, 경계할 계"
一進一退,일진일퇴,나아갔다 물러섰다 함,"한 일, 나아갈 진, 한 일, 물러날 퇴"
一觸卽發,일촉즉발,조금만 닿아도 폭발할 듯한 몹시 위급한 상태,"한 일, 닿을 촉, 곧 즉, 쏠 발"
一波萬波,일파만파,하나의 사건이 연이어 커다란 영향을 미침,"한 일, 물결 파, 일만 만, 물결 파"
一攫千金,일확천금,단번에 큰 재물을 얻음,"한 일, 움킬 확, 일천 천, 쇠 금"
臨機應變,임기응변,그때그때의 형편에 따라 알맞게 대처함,"임할 임, 틀 기, 응할 응, 변할 변"
自激之心,자격지심,자기가 한 일에 대해 스스로 미흡하게 여김,"스스로 자, 부딪칠 격, 갈 지, 마음 심"
自暴自棄,자포자기,절망에 빠져 자신을 돌보지 않음,"스스로 자, 사나울 포, 스스로 자, 버릴 기"
長幼有序,장유유서,어른과 아이 사이에는 차례가 있음,"길 장, 어릴 유, 있을 유, 차례 서"
赤手空拳,적수공권,아무것도 가진 것이 없음,"붉을 적, 손 수, 빌 공, 주먹 권"
刻舟求劍,각주구검,어리석고 융통성이 없음,"새길 각, 배 주, 구할 구, 칼 검"
肝膽相照,간담상조,서로 속마음을 털어놓고 친하게 사귐,"간 간, 쓸개 담, 서로 상, 비출 조"
牽强附會,견강부회,이치에 맞지 않는 말을 억지로 끌어 붙여 자기에게 유리하게 함,"끌 견, 억지 강, 붙을 부, 모일 회"
犬馬之勞,견마지로,"개나 말의 수고로움, 자기의 노력을 낮추어 이르는 말","개 견, 말 마, 갈 지, 수고로울 로"
犬猿之間,견원지간,개와 원숭이의 사이처럼 사이가 매우 나쁨,"개 견, 원숭이 원, 갈 지, 사이 간"
傾國之色,경국지색,나라를 위태롭게 할 만큼 뛰어난 미인,"기울 경, 나라 국, 갈 지, 빛 색"
經世濟民,경세제민,세상을 다스리고 백성을 구제함,"지날 경, 인간 세, 건널 제, 백성 민"
鷄卵有骨,계란유골,"달걀에도 뼈가 있다, 운이 없는 사람은 좋은 기회도 안 됨","닭 계, 알 란, 있을 유, 뼈 골"
孤立無援,고립무원,고립되어 구원을 받을 곳이 없음,"외로울 고, 설 립, 없을 무, 도울 원"
苦肉之策,고육지책,자신의 희생을 감수하면서까지 꾸며내는 계책,"쓸 고, 고기 육, 갈 지, 채찍 책"
孤掌難鳴,고장난명,혼자서는 일을 이루기 어려움,"외로울 고, 손바닥 장, 어려울 난, 울 명"
高枕短眠,고침단면,"베개를 높이 하고 짧게 잠, 걱정 없이 편안하게 잠","높을 고, 베개 침, 짧을 단, 잘 면"
曲學阿世,곡학아세,학문을 굽혀 세상에 아첨함,"굽을 곡, 배울 학, 언덕 아, 인간 세"
骨肉相爭,골육상쟁,가까운 혈족끼리 서로 싸움,"뼈 골, 고기 육, 서로 상, 다툴 쟁"
空中樓閣,공중누각,"공중에 떠 있는 누각, 내용이 없는 허구","빌 공, 가운데 중, 다락 루, 집 각"
管鮑之交,관포지교,아주 친밀하여 이해를 따지지 않는 친구 사이,"대롱 관, 절인고기 포, 갈 지, 사귈 교"
刮目相對,괄목상대,"눈을 비비고 다시 본다, 학식이나 재주가 놀랍게 발전함","비빌 괄, 눈 목, 서로 상, 대할 대"
矯角殺牛,교각살우,"소의 뿔을 고치려다 소를 죽임, 작은 흠을 고치려다 일을 망침","바로잡을 교, 뿔 각, 죽일 살, 소 우"
巧言令色,교언영색,남에게 잘 보이려고 교묘하게 꾸며대는 말과 얼굴빛,"공교로울 교, 말씀 언, 하여금 령, 빛 색"
口尙乳臭,구상유취,"입에서 아직 젖내가 남, 나이가 어리고 경험이 없음","입 구, 오히려 상, 젖 유, 냄새 취"
群盲撫象,군맹무상,"장님들이 코끼리를 만짐, 사물의 일부분만 보고 전체를 안다고 함","무리 군, 소경 맹, 어루만질 무, 코끼리 상"
權謀術數,권모술수,목적 달성을 위해 수단과 방법을 가리지 않는 모략,"권세 권, 꾀 모, 꾀 술, 셈 수"
橘化爲枳,귤화위지,"귤이 탱자가 됨, 환경에 따라 사람의 성질이 변함","귤 귤, 화할 화, 할 위, 탱자 지"
近墨者黑,근묵자흑,나쁜 사람과 가까이 하면 물들기 쉬움,"가까울 근, 먹 묵, 놈 자, 검을 흑"
金蘭之交,금란지교,쇠처럼 굳고 난초처럼 향기로운 사귐,"쇠 금, 난초 란, 갈 지, 사귈 교"
金城鐵壁,금성철벽,"쇠로 만든 성과 철로 만든 벽, 아주 방비가 튼튼함","쇠 금, 재 성, 쇠 철, 벽 벽"
金枝玉葉,금지옥엽,"금 가지와 옥 잎사귀, 아주 귀한 자손","쇠 금, 가지 지, 구슬 옥, 잎 엽"
氣高萬丈,기고만장,기운이 몹시 뻗치어 펄펄 뜀,"기운 기, 높을 고, 일만 만, 어른 장"
奇想天外,기상천외,보통 사람의 생각으로는 짐작도 할 수 없을 만큼 기발함,"기이할 기, 생각 상, 하늘 천, 바깥 외"
落花流水,낙화유수,"떨어지는 꽃과 흐르는 물, 가는 세월이나 남녀의 애틋한 정","떨어질 락, 꽃 화, 흐를 류, 물 수"
難攻不落,난공불락,공격하기 어려워 함락되지 않음,"어려울 난, 칠 공, 아닐 불, 떨어질 락"
難兄難弟,난형난제,"누구를 형이라 하고 아우라 하기 어려움, 실력이 비슷함","어려울 난, 맏 형, 어려울 난, 아우 제"
男女老少,남녀노소,"남자, 여자, 늙은이, 젊은이 모든 사람","사내 남, 계집 녀, 늙을 로, 적을 소"
男負女戴,남부여대,"남자는 지고 여자는 임, 가난한 사람들이 떠돌아다니는 모습","사내 남, 질 부, 계집 녀, 일 대"
內憂外患,내우외환,나라 안의 근심과 바깥의 재앙,"안 내, 근심할 우, 바깥 외, 근심 환"
老馬之智,노마지지,"늙은 말의 지혜, 경험이 풍부한 사람의 지혜","늙을 로, 말 마, 갈 지, 지혜 지"
綠陰芳草,녹음방초,푸른 나무 그늘과 향기로운 풀,"푸를 록, 그늘 음, 꽃다울 방, 풀 초"
論功行賞,논공행상,공로를 조사하여 상을 줌,"논할 론, 공 공, 다닐 행, 상줄 상"
多情多感,다정다감,정이 많고 감수성이 풍부함,"많을 다, 뜻 정, 많을 다, 느낄 감"
獨不將軍,독불장군,"혼자서는 장군을 할 수 없음, 남의 의견을 무시하고 혼자 처리하는 사람","홀로 독, 아닐 불, 장수 장, 군사 군"
凍氷寒雪,동빙한설,꽁꽁 언 얼음과 차가운 눈,"얼 동, 얼음 빙, 찰 한, 눈 설"
燈火可親,등화가친,가을밤은 등불을 가까이 두고 글 읽기에 좋음,"등불 등, 불 화, 옳을 가, 친할 친"
莫逆之友,막역지우,뜻이 맞아 거스름이 없는 친한 벗,"없을 막, 거스를 역, 갈 지, 벗 우"
萬古風霜,만고풍상,오랜 세월 동안 겪은 많은 고생,"일만 만, 옛 고, 바람 풍, 서리 상"
晩時之歎,만시지탄,기회를 잃고 때가 늦었음을 한탄함,"늦을 만, 때 시, 갈 지, 탄식할 탄"
滿場一致,만장일치,모인 사람들의 의견이 모두 같음,"찰 만, 마당 장, 한 일, 이를 치"
亡國之音,망국지음,나라를 망치게 하는 음란하고 사치스러운 음악,"망할 망, 나라 국, 갈 지, 소리 음"
亡羊補牢,망양보뢰,소 잃고 외양간 고친다,"망할 망, 양 양, 기울 보, 우리 뢰"
盲人摸象,맹인모상,"장님이 코끼리를 더듬듯, 사물의 좁은 부분만 보고 전체를 그르치게 판단함","소경 맹, 사람 인, 더듬을 모, 코끼리 상"
目不識丁,목불식정,"낫 놓고 기역 자도 모름, 아주 무식함","눈 목, 아닐 불, 알 식, 고무래 정"
背水之陣,배수지진,"물을 등지고 진을 침, 목숨을 걸고 싸움에 임하는 각오","등 배, 물 수, 갈 지, 진칠 진"
百年佳約,백년가약,남녀가 부부가 되어 평생을 함께하자는 굳은 약속,"일백 백, 해 년, 아름다울 가, 맺을 약"
伯牙絶絃,백아절현,자기를 알아주는 참다운 벗의 죽음을 슬퍼함,"맏 백, 어금니 아, 끊을 절, 줄 현"
三十六計,삼십육계,불리할 때는 도망가는 것이 상책임,"석 삼, 열 십, 여섯 육, 꾈 계"
三旬九食,삼순구식,한 달에 아홉 끼를 먹을 정도로 매우 가난함,"석 삼, 열흘 순, 아홉 구, 밥 식"
三人成虎,삼인성호,거짓말도 여러 사람이 하면 참말로 믿게 됨,"석 삼, 사람 인, 이룰 성, 범 호"
纖纖玉手,섬섬옥수,가냘프고 아름다운 여자의 손,"가늘 섬, 가늘 섬, 구슬 옥, 손 수"
水魚之交,수어지교,"물과 고기의 사귐, 임금과 신하 또는 부부 사이의 친밀함","물 수, 고기 어, 갈 지, 사귈 교"
識字憂患,식자우환,글자를 아는 것이 도리어 근심이 됨,"알 식, 글자 자, 근심할 우, 근심 환"
身言書判,신언서판,인물을 선택하는 네 가지 조건,"몸 신, 말씀 언, 글 서, 판단할 판"
實事求是,실사구시,사실에 토대하여 진리를 탐구함,"열매 실, 일 사, 구할 구, 옳을 시"
心心相印,심심상인,마음과 마음이 서로 통함,"마음 심, 마음 심, 서로 상, 도장 인"
十伐之木,십벌지목,열 번 찍어 안 넘어가는 나무가 없음,"열 십, 칠 벌, 갈 지, 나무 목"
阿諛苟容,아유구용,남에게 아첨하여 비위를 맞춤,"언덕 아, 아첨할 유, 진실로 구, 얼굴 용"
安貧樂道,안빈낙도,가난함을 편안히 여기며 도를 즐김,"편안할 안, 가난할 빈, 즐길 낙, 길 도"
安分知足,안분지족,제 분수를 지키며 만족할 줄 앎,"편안할 안, 나눌 분, 알 지, 족할 족"
藥房甘草,약방감초,약방의 감초처럼 무슨 일이나 빠짐없이 끼어드는 사람,"약 약, 방 방, 달 감, 풀 초"
弱肉强食,약육강식,약한 자는 강한 자에게 먹힘,"약할 약, 고기 육, 강할 강, 밥 식"
言中有骨,언중유골,평범한 말 속에 뼈있는 뜻이 담김,"말씀 언, 가운데 중, 있을 유, 뼈 골"
女必從夫,여필종부,아내는 반드시 남편의 뜻을 따라야 함,"계집 녀, 반드시 필, 좇을 종, 지아비 부"
樂山樂水,요산요수,"산을 좋아하고 물을 좋아함, 자연을 사랑함","즐길 요, 뫼 산, 즐길 요, 물 수"
窈窕淑女,요조숙녀,마음씨가 얌전하고 자태가 아름다운 여자,"그윽할 요, 얌전할 조, 맑을 숙, 계집 녀"
龍虎相搏,용호상박,강자끼리 승패를 다투며 맹렬히 싸움,"용 용, 범 호, 서로 상, 칠 박"
牛刀割鷄,우도할계,"닭 잡는 데 소 잡는 칼을 씀, 작은 일에 너무 큰 힘을 씀","소 우, 칼 도, 벨 할, 닭 계"
右往左往,우왕좌왕,사방으로 왔다 갔다 하며 어찌할 바를 모름,"오른 우, 갈 왕, 왼 좌, 갈 왕"
雨後竹筍,우후죽순,비 온 뒤에 솟아나는 죽순처럼 어떤 일이 한꺼번에 많이 일어남,"비 우, 뒤 후, 대 죽, 죽순 순"
遠禍召福,원화소복,재앙을 멀리하고 복을 불러옴,"멀 원, 재앙 화, 부를 소, 복 복"
危機一髮,위기일발,머리털 하나로 무거운 물건을 매단 듯 매우 위험한 순간,"위태할 위, 틀 기, 한 일, 터럭 발"
有口無言,유구무언,"입은 있으나 할 말이 없음, 변명할 말이 없음","있을 유, 입 구, 없을 무, 말씀 언"
柔能制剛,유능제강,부드러운 것이 강한 것을 이김,"부드러울 유, 능할 능, 절제할 제, 강할 강"
類類相從,유유상종,끼리끼리 서로 모여 사귐,"무리 류, 무리 류, 서로 상, 좇을 종"
隱忍自重,은인자중,괴로움을 참고 몸가짐을 신중히 함,"숨을 은, 참을 인, 스스로 자, 무거울 중"
吟風弄月,음풍농월,맑은 바람과 밝은 달을 읊으며 놂,"읊을 음, 바람 풍, 희롱할 농, 달 월"
意氣投合,의기투합,서로의 마음과 뜻이 아주 잘 맞음,"뜻 의, 기운 기, 던질 투, 합할 합"
以管窺天,이관규천,"대롱을 통해 하늘을 봄, 식견이 좁음","써 이, 대롱 관, 엿볼 규, 하늘 천"
徙木之信,사목지신,위정자가 나무 옮기기로 백성들을 믿게 함,"옮길 사, 나무 목, 갈 지, 믿을 신"
以實直告,이실직고,사실대로 솔직하게 말함,"써 이, 열매 실, 곧을 직, 고할 고"
泥田鬪狗,이전투구,"진흙탕에서 싸우는 개, 이익을 위해 비열하게 다툼","진흙 니, 밭 전, 싸울 투, 개 구"
人之常情,인지상정,사람이면 누구나 가지는 보통의 인지상정,"사람 인, 갈 지, 떳떳할 상, 뜻 정"
一刻三秋,일각삼추,"짧은 시간이 삼 년 같다, 몹시 기다려짐","한 일, 새길 각, 석 삼, 가을 추"
一望無際,일망무제,한눈에 바라볼 수 없을 정도로 끝없이 멂,"한 일, 바라볼 망, 없을 무, 즈음 제"
一目瞭然,일목요연,한눈에 보아도 아주 뚜렷하게 앎,"한 일, 눈 목, 밝을 요, 그럴 연"
日常茶飯,일상다반,매일 차를 마시고 밥을 먹는 것처럼 흔한 일,"날 일, 떳떳할 상, 차 다, 밥 반"
一視同仁,일시동인,모두를 평등하게 차별 없이 사랑함,"한 일, 볼 시, 한가지 동, 어질 인"
一言半句,일언반구,"한 마디 말이나 반 구절, 아주 짧은 말","한 일, 말씀 언, 반 반, 글귀 구"
一言之下,일언지하,한 마디로 잘라 말함,"한 일, 말씀 언, 갈 지, 아래 하"
一狐之腋,일호지액,"여우 한 마리의 겨드랑이 털, 아주 소중한 것","한 일, 여우 호, 갈 지, 겨드랑이 액"
臨戰無退,임전무퇴,전쟁에 임하여 물러섬이 없음,"임할 임, 싸울 전, 없을 무, 물러날 퇴"
立身揚名,입신양명,사회적으로 인정받고 출세하여 이름을 세상에 떨침,"설 립, 몸 신, 날릴 양, 이름 명"
自手成家,자수성가,물려받은 재산 없이 자기 힘으로 재산을 모음,"스스로 자, 손 수, 이룰 성, 집 가"
自初至終,자초지종,처음부터 끝까지의 과정,"스스로 자, 처음 초, 이를 지, 마칠 종"
切齒腐心,절치부심,몹시 분하여 이를 갈며 속을 썩임,"끊을 절, 이 치, 썩을 부, 마음 심"
漸入佳境,점입가경,들어갈수록 점점 재미있어짐,"점점 점, 들 입, 아름다울 가, 지경 경"
頂門一鍼,정문일침,"정수리에 침을 놓음, 따끔한 충고","정수리 정, 문 문, 한 일, 침 침"
糟糠之妻,조강지처,가난할 때 고생을 함께 한 아내,"지게미 조, 겨 강, 갈 지, 아내 처"
朝變夕改,조변석개,"아침에 고치고 저녁에 또 고침, 변덕이 심함","아침 조, 변할 변, 저녁 석, 고칠 개"
鳥足之血,조족지혈,"새 발의 피, 아주 적은 분량","새 조, 발 족, 갈 지, 피 혈"
左顧右眄,좌고우면,이쪽저쪽을 돌아보며 결정을 내리지 못함,"왼 좌, 돌아볼 고, 오른 우, 곁눈질할 면"
坐不安席,좌불안석,마음에 불안이나 근심이 있어 앉은 자리가 편하지 않음,"앉을 좌, 아닐 불, 편안할 안, 자리 석"
走馬看山,주마간산,"말을 타고 달리며 산을 봄, 겉만 대강 훑어봄","달릴 주, 말 마, 볼 간, 뫼 산"
走馬加鞭,주마가편,"달리는 말에 채찍질함, 잘하는 사람을 더 장려함","달릴 주, 말 마, 더할 가, 채찍 편"
竹杖芒鞋,죽장망혜,"대지팡이와 짚신, 가장 간편한 차림새","대 죽, 지팡이 장, 까끄라기 망, 신 혜"
知己之友,지기지우,자기를 가장 잘 알아주는 친한 친구,"알 지, 몸 기, 갈 지, 벗 우"
至誠感天,지성감천,정성이 지극하면 하늘도 감동함,"이를 지, 정성 성, 느낄 감, 하늘 천"
珍羞盛饌,진수성찬,맛이 좋고 푸짐하게 차린 음식,"보배 진, 바칠 수, 성할 성, 반찬 찬"
滄海一粟,창해일속,"넓은 바다에 뜬 좁쌀 한 알, 아주 보잘것없는 존재","찰 창, 바다 해, 한 일, 조 속"
千軍萬馬,천군만마,"수많은 군사와 말, 아주 강력한 지원군","일천 천, 군사 군, 일만 만, 말 마"
天羅地網,천라지망,"하늘의 그물과 땅의 그물, 피할 수 없는 촘촘한 포위망","하늘 천, 그물 라, 땅 지, 그물 망"
天生緣分,천생연분,하늘이 맺어 준 깊은 인연,"하늘 천, 날 생, 인연 연, 나눌 분"
天佑神助,천우신조,하늘과 신이 도움,"하늘 천, 도울 우, 귀신 신, 도울 조"
天衣無縫,천의무봉,"천사의 옷은 꿰맨 자국이 없음, 글이 흠집 없이 훌륭함","하늘 천, 옷 의, 없을 무, 꿰맬 봉"
天人共怒,천인공노,"하늘과 사람이 함께 분노함, 도저히 용서할 수 없음","하늘 천, 사람 인, 한께 공, 성낼 노"
千篇一律,천편일률,사물이 모두 엇비슷하여 개성이 없음,"일천 천, 책 편, 한 일, 법칙 률"
靑山流水,청산유수,"푸른 산에 흐르는 맑은 물, 거침없이 잘하는 말솜씨","푸를 청, 뫼 산, 흐를 류, 물 수"
靑雲之志,청운지지,"푸른 구름을 향한 뜻, 출세하고자 하는 큰 뜻","푸를 청, 구름 운, 갈 지, 뜻 지"
樵童汲婦,초동급부,"땔나무 하는 아이와 물 긷는 아낙네, 평범한 사람","땔나무 초, 아이 동, 길을 급, 며느리 부"
草綠同色,초록동색,"풀색과 녹색은 같은 색, 처지가 같은 사람끼리 어울림","풀 초, 푸를 록, 한가지 동, 빛 색"
初志一貫,초지일관,처음 품은 뜻을 한결같이 밀고 나감,"처음 초, 뜻 지, 한 일, 꿸 관"
寸鐵殺人,촌철살인,짧은 말로 어떤 일의 급소를 찔러 사람을 감동시킴,"마디 촌, 쇠 철, 죽일 살, 사람 인"
秋風落葉,추풍낙엽,"가을 바람에 떨어지는 잎, 세력이 갑자기 꺾임","가을 추, 바람 풍, 떨어질 락, 잎 엽"
春雉自鳴,춘치자명,"봄날의 꿩이 제 흥에 겨워 움, 제 자랑을 함","봄 춘, 꿩 치, 스스로 자, 울 명"
出將入相,출장입상,"나가서는 장수요 들어와서는 재상, 문무를 다 갖춤","날 출, 장수 장, 들 입, 재상 상"
忠言逆耳,충언역이,충고하는 말은 귀에 거슬림,"충성 충, 말씀 언, 거스를 역, 귀 이"
醉生夢死,취생몽사,"술에 취해 자는 듯 살아감, 헛되이 일생을 보냄","취할 취, 날 생, 꿈 몽, 죽을 사"
痴人說夢,치인설몽,"어리석은 사람이 꿈 이야기를 함, 허황된 말","어리석을 치, 사람 인, 말씀 설, 꿈 몽"
七縱七擒,칠종칠금,"일곱 번 놓아주고 일곱 번 잡음, 상대를 마음대로 다룸","일곱 칠, 놓을 종, 일곱 칠, 사로잡을 금"
他山之石,타산지석,남의 잘못도 내 수양에 도움이 됨,"다를 타, 뫼 산, 갈 지, 돌 석"
卓上空論,탁상공론,현실성이 없는 헛된 논의,"높을 탁, 윗 상, 빌 공, 논할 론"
太平聖代,태평성대,어진 임금이 다스려 세상이 평화로운 시대,"클 태, 평평할 평, 성인 성, 대신할 대"
破邪顯正,파사현정,그릇된 것을 깨뜨리고 바른 것을 드러냄,"깨뜨릴 파, 간사할 사, 나타날 현, 바를 정"
抱腹絶倒,포복절도,배를 잡고 넘어질 정도로 몹시 웃음,"안을 포, 배 복, 끊을 절, 넘어질 도"
風前燈火,풍전등화,"바람 앞의 등불, 몹시 위태로운 처지","바람 풍, 앞 전, 등불 등, 불 화"
皮骨相接,피골상접,살가죽과 뼈가 맞붙을 정도로 몹시 마름,"가죽 피, 뼈 골, 서로 상, 이을 접"
匹夫匹婦,필부필부,평범한 남자와 평범한 여자,"짝 필, 지아비 부, 짝 필, 며느리 부"
學如不及,학여불급,"배움은 미치지 못하는 것과 같음, 늘 배움에 힘씀","배울 학, 같을 여, 아닐 불, 미칠 급"
汗牛充棟,한우충동,책이 몹시 많음,"땀 한, 소 우, 채울 충, 마룻대 동"
緘口無言,함구무언,입을 다물고 아무 말도 하지 않음,"봉할 함, 입 구, 없을 무, 말씀 언"
銜憤蓄怨,함분축원,분함을 품고 원한을 쌓음,"머금을 함, 분할 분, 쌓을 축, 원망할 원"
虛禮虛飾,허례허식,겉치레만 번듯하게 하는 헛된 예식,"빌 허, 예도 례, 빌 허, 꾸밀 식"
虛張聲勢,허장성세,헛되이 과장하여 위세를 부림,"빌 허, 베풀 장, 소리 성, 형세 세"
賢母良妻,현모양처,어진 어머니이면서 착한 아내,"어질 현, 어미 모, 어질 량, 아내 처"
孑孑單身,혈혈단신,의지할 곳 없는 외로운 홀몸,"외로울 혈, 외로울 혈, 홑 단, 몸 신"
螢雪之功,형설지공,"반딧불이와 눈빛으로 공부한 공, 고생 속에 이룬 성과","반딧불 형, 눈 설, 갈 지, 공 공"
狐假虎威,호가호위,남의 권세를 빌려 허세를 부림,"여우 호, 거짓 가, 범 호, 위엄 위"
糊口之策,호구지책,겨우 먹고살아 가는 방도,"풀칠할 호, 입 구, 갈 지, 채찍 책"
好事多魔,호사다마,좋은 일에는 흔히 방해되는 일이 많음,"좋을 호, 일 사, 많을 다, 마귀 마"
虎視耽耽,호시탐탐,"범이 먹이를 노려봄, 날카롭게 기회를 노림","범 호, 볼 시, 즐길 탐, 즐길 탐"
蝴蝶之夢,호접지몽,"장자가 나비가 된 꿈, 인생의 덧없음","나비 호, 나비 접, 갈 지, 꿈 몽"
魂飛魄散,혼비백산,"혼백이 날아가고 흩어짐, 몹시 놀람","넋 혼, 날 비, 넋 백, 흩어질 산"
弘益人間,홍익인간,널리 인간을 이롭게 함,"클 홍, 더할 익, 사람 인, 사이 간"
畵龍點睛,화룡점정,일의 가장 중요한 부분을 완성함,"그림 화, 용 용, 점찍을 점, 눈동자 정"
畵蛇添足,화사첨족,"뱀을 그리고 발을 더함, 쓸데없는 짓을 함","그림 화, 뱀 사, 더할 첨, 발 족"
畵中之餠,화중지병,"그림의 떡, 바라만 볼 뿐 가질 수 없는 것","그림 화, 가운데 중, 갈 지, 떡 병"
荒唐無稽,황당무계,말이나 행동이 터무니없고 근거가 없음,"거칠 황, 당황할 당, 없을 무, 상고할 계"
會者定離,회자정리,만난 사람은 반드시 헤어짐,"모일 회, 놈 자, 정할 정, 떠날 리"
橫說竪說,횡설수설,조리 없이 아무 말이나 지껄임,"가로 횡, 말씀 설, 세울 수, 말씀 설"
厚顔無恥,후안무치,뻔뻔스러워 부끄러워할 줄 모름,"두터울 후, 얼굴 안, 없을 무, 부끄러울 치"
後生可畏,후생가외,젊은 후배들의 학문이나 인격이 선배들을 능가할 만함,"뒤 후, 날 생, 옳을 가, 두려워할 외"
喜怒哀樂,희로애락,"기쁨과 노여움, 슬픔과 즐거움","기쁠 희, 성낼 노, 슬플 애, 즐길 락"
喜喜樂樂,희희낙락,매우 기뻐하고 즐거워함,"기쁠 희, 기쁠 희, 즐길 락, 즐길 락"
街談巷說,가담항설,길거리나 세상 사람들 사이에 떠도는 소문,"거리 가, 말씀 담, 거리 항, 말씀 설"
可東可西,가동가서,"동쪽도 좋고 서쪽도 좋다, 이러나저러나 상관없음","옳을 가, 동녘 동, 옳을 가, 서녘 서"
苛斂誅求,가렴주구,가혹하게 세금을 거두어 백성을 괴롭힘,"매울 가, 거둘 렴, 벨 주, 구할 구"
佳人薄命,가인박명,미인은 불행하거나 병약하여 일찍 죽는 일이 많음,"아름다울 가, 사람 인, 얇을 박, 목숨 명"
刻骨痛恨,각골통한,뼈에 사무칠 정도로 깊이 원한을 품음,"새길 각, 뼈 골, 아플 통, 한 한"
角者無齒,각자무치,"뿔이 있는 짐승은 이빨이 없음, 한 사람이 모든 재주를 다 가질 수 없음","뿔 각, 놈 자, 없을 무, 이 치"
間於齊楚,간어제초,약한 자가 강한 자들 틈에 끼어 괴로움을 겪음,"사이 간, 어조사 어, 가지런할 제, 초나라 초"
渴而穿井,갈이천정,"목이 말라야 비로소 우물을 팜, 미리 준비하지 않고 임박하여 서둠","목마를 갈, 말 이, 뚫을 천, 우물 정"
感慨無量,감개무량,마음속에서 느끼는 감동이나 정서가 헤아릴 수 없을 정도로 깊음,"느낄 감, 슬퍼할 개, 없을 무, 헤아릴 량"
甘呑苦吐,감탄고토,"달면 삼키고 쓰면 뱉음, 자기 비위에 맞으면 좋아하고 안 맞으면 싫어함","달 감, 삼킬 탄, 쓸 고, 토할 토"
甲男乙女,갑남을녀,평범한 사람들을 이르는 말,"갑옷 갑, 사내 남, 새 을, 계집 녀"
康衢煙月,강구연월,"번화한 거리에 비치는 달빛, 태평성대의 평화로운 풍경","편안할 강, 네거리 구, 연기 연, 달 월"
蓋棺事定,개관사정,시체를 관에 넣고 뚜껑을 덮은 뒤에야 비로소 그 사람에 대한 평가가 정해짐,"덮을 개, 널 관, 일 사, 정할 정"
擧案齊眉,거안제미,"밥상을 눈썹 높이까지 들어 남편에게 바침, 아내가 남편을 공경함","들 거, 책상 안, 가지런할 제, 눈썹 미"
乾坤一擲,건곤일척,운명을 걸고 단판걸이로 승부를 겨룸,"하늘 건, 땅 곤, 한 일, 던질 척"
隔靴搔癢,격화소양,"신을 신고 발바닥을 긁음, 성에 차지 않거나 안타까움","사이뜰 격, 가죽신 화, 긁을 소, 가려울 양"
犬兎之爭,견토지쟁,"개와 토끼의 다툼, 당사자끼리 다투는 사이 제삼자가 이익을 봄","개 견, 토끼 토, 갈 지, 다툴 쟁"
輕國之色,경국지색,나라를 위태롭게 할 만큼 아름다운 여자 (동음이의어),"가벼울 경, 나라 국, 갈 지, 빛 색"
驚天動地,경천동지,"하늘을 놀라게 하고 땅을 뒤흔듦, 세상을 몹시 놀라게 함","놀랄 경, 하늘 천, 움직일 동, 땅 지"
孤城落日,고성낙일,"외로운 성과 지는 해, 몹시 외롭고 쓸쓸한 처지","외로울 고, 재 성, 떨어질 락, 날 일"
公明正大,공명정대,마음이 공평하고 사사로움이 없이 아주 바름,"공평할 공, 밝을 명, 바를 정, 클 대"
過大妄想,과대망상,사실보다 과장하여 터무니없이 엉뚱한 생각을 함,"지날 과, 클 대, 망령될 망, 생각할 상"
九曲肝腸,구곡간장,"굽이굽이 맺힌 마음속, 깊은 마음속","아홉 구, 굽을 곡, 간 간, 창자 장"
救國干城,구국간성,나라를 구하여 지키는 듬직한 군인이나 인물,"구원할 구, 나라 국, 방패 간, 재 성"
窮餘之策,궁여지책,매우 곤궁한 나머지 짜낸 계책,"다할 궁, 남을 여, 갈 지, 채찍 책"
近朱者赤,근주자적,붉은빛을 가까이 하면 반드시 붉게 됨,"가까울 근, 붉을 주, 놈 자, 붉을 적"
氣死回生,기사회생,죽을 고비에서 겨우 살아남 (起死回生의 동음이의어),"기운 기, 죽을 사, 돌아올 회, 날 생"
老少同樂,노소동락,늙은이와 젊은이가 함께 즐김,"늙을 로, 적을 소, 한가지 동, 즐길 락"
開卷有益,개권유익,책을 펴서 읽으면 반드시 이로움이 있음,"열 개, 책 권, 있을 유, 더할 익"
居安思危,거안사위,편안할 때 위태로울 때를 미리 생각하여 대비함,"살 거, 편안할 안, 생각 사, 위태할 위"
牽蚊拔劍,견문발검,"모기를 보고 칼을 뺌, 보잘것없는 작은 일에 지나치게 큰 대책을 세움","끌 견, 모기 문, 뺄 발, 칼 검"
結繩結草,결승결초,은혜를 잊지 않고 갚음을 이르는 말,"맺을 결, 노끈 승, 맺을 결, 풀 초"
兼人之勇,겸인지용,혼자서 몇 사람을 당해 낼 만한 용기,"겸할 겸, 사람 인, 갈 지, 용기 용"
傾蓋如舊,경개여구,잠깐 만났으나 마치 오래 사귄 친구처럼 친해짐,"기울 경, 덮을 개, 같을 여, 예 구"
敬而遠之,경이원지,겉으로는 공경하는 체하면서 속으로는 멀리함,"공경할 경, 말 이, 멀 원, 갈 지"
鷄口牛後,계구우후,닭의 부리가 될지언정 소의 꼬리는 되지 말라는 뜻,"닭 계, 입 구, 소 우, 뒤 후"
鷄鳴狗盜,계명구도,"닭 울음소리를 내는 사람과 개구멍으로 훔치는 사람, 천한 재주를 가진 사람","닭 계, 울 명, 개 구, 도둑 도"
股肱之臣,고굉지신,임금이 가장 믿고 중히 여기는 신하,"넓적다리 고, 팔뚝 굉, 갈 지, 신하 신"
膏梁珍味,고량진미,기름진 고기와 좋은 곡식으로 만든 맛있는 음식,"기름 고, 기장 량, 보배 진, 맛 미"
孤臣寃淚,고신원루,외로운 신하의 원통한 눈물,"외로울 고, 신하 신, 원통할 원, 눈물 루"
高岸爲谷,고안위곡,"높은 언덕이 골짜기가 됨, 세상일의 변천이 심함","높을 고, 언덕 안, 할 위, 골짜기 곡"
枯魚之肆,고어지사,"마른 고기를 파는 가게, 몹시 곤궁한 처지","마를 고, 고기 어, 갈 지, 방자할 사"
高步闊視,고보활시,"보폭을 크게 하여 걷고 넓게 봄, 당당한 태도","높을 고, 걸음 보, 넓을 활, 볼 시"
骨肉相殘,골육상잔,가까운 혈족끼리 서로 해치고 싸움,"뼈 골, 고기 육, 서로 상, 잔인할 잔"
公私多忙,공사다망,공적인 일과 사적인 일로 매우 바쁨,"공평할 공, 사사로울 사, 많을 다, 바쁠 망"
過門不入,과문불입,"제 집 문 앞을 지나가면서도 들어가지 못함, 일에 몹시 바쁨","지날 과, 문 문, 아닐 불, 들 입"
刮目相待,괄목상대,"눈을 비비고 다시 본다, 학식이나 재주가 놀랍게 발전함","비빌 괄, 눈 목, 서로 상, 기다릴 대"
交友以信,교우이신,믿음으로써 벗을 사귐,"사귈 교, 벗 우, 써 이, 믿을 신"
九折羊腸,구절양장,"아홉 번 꺾인 양의 창자, 몹시 험하고 꼬불꼬불한 길","아홉 구, 꺾을 절, 양 양, 창자 장"
群盲評象,군맹평상,"맹인들이 코끼리를 만져보고 평함, 좁은 식견으로 섣불리 판단함","무리 군, 소경 맹, 평할 평, 코끼리 상"
屈而不信,굴이불신,굽히기만 하고 펴지 못함,"굽을 굴, 말 이, 아닐 불, 믿을 신"
弓折矢盡,궁절시진,"활이 꺾이고 화살이 다 떨어짐, 힘이 다하여 어찌할 도리가 없음","활 궁, 꺾을 절, 화살 시, 다할 진"
權不十年,권불십년,권세는 십 년을 가지 못함,"권세 권, 아닐 불, 열 십, 해 년"
克己復禮,극기복례,자신의 욕심을 누르고 예의범절을 따름,"이길 극, 몸 기, 회복할 복, 예도 례"
琴瑟之樂,금슬지락,"거문고와 비파의 조화로운 소리, 부부 사이의 다정하고 화목한 즐거움","거문고 금, 비파 슬, 갈 지, 즐길 락"
金衣煥鄕,금의환향,"비단옷을 입고 고향에 돌아감, 출세하여 고향에 옴","비단 금, 옷 의, 빛날 환, 시골 향"
其利斷金,기리단금,"날카롭기가 쇠를 자를 만함, 절친한 친구 사이","그 기, 이로울 리, 끊을 단, 쇠 금"
驥服鹽車,기복염거,"천리마가 소금 수레를 끎, 유능한 사람이 천한 일에 종사함","천리마 기, 옷 복, 소금 염, 수레 거"
起承轉結,기승전결,시문을 짓는 네 가지 단계,"일어날 기, 이을 승, 구를 전, 맺을 결"
飢寒交至,기한교지,굶주림과 추위가 번갈아 닥침,"주릴 기, 찰 한, 사귈 교, 이를 지"
吉凶禍福,길흉화복,"좋은 일과 나쁜 일, 재앙과 복","길할 길, 흉할 흉, 재앙 화, 복 복"
落穽下石,낙정하석,"함정에 빠진 사람에게 돌을 던짐, 어려움에 처한 사람을 더 괴롭힘","떨어질 락, 함정 정, 아래 하, 돌 석"
卵翼之恩,난익지은,"알을 품어 길러준 은혜, 부모나 임금의 은혜","알 란, 날개 익, 갈 지, 은혜 은"
男尊女卑,남존여비,남자는 높이고 여자는 낮춤,"사내 남, 높을 존, 계집 녀, 낮을 비"
內柔外剛,내유외강,속은 부드럽고 겉은 강함,"안 내, 부드러울 유, 바깥 외, 강할 강"
累卵之危,누란지위,달걀을 포개 놓은 것 같은 위태로움,"여러 루, 알 란, 갈 지, 위태할 위"
多聞博識,다문박식,많이 듣고 넓게 앎,"많을 다, 들을 문, 넓을 박, 알 식"
斷機之交,단기지교,"베틀의 실을 끊는 사귐, 학업을 중단하면 아무런 쓸모가 없음을 경계함","끊을 단, 틀 기, 갈 지, 사귈 교"
大義滅親,대의멸친,국가나 사회의 대의를 위해서는 부모 형제의 정석도 버림,"클 대, 옳을 의, 멸할 멸, 친할 친"
大慈大悲,대자대비,넓고 큰 자비,"클 대, 사랑할 자, 클 대, 슬플 비"
德才兼備,덕재겸비,덕과 재주를 모두 갖춤,"큰 덕, 재주 재, 겸할 겸, 갖출 비"
道聽塗說,도청도설,"길에서 듣고 길에서 말함, 근거 없이 떠도는 소문","길 도, 들을 청, 길 도, 말씀 설"
獨眼龍,독안룡,"애꾸눈의 용, 무용이 뛰어난 용장","홀로 독, 눈 안, 용 룡, (세글자 예외)"
同價紅裳,동가홍상,"같은 값이면 다홍치마, 기왕이면 좋은 것을 택함","한가지 동, 값 가, 붉을 홍, 치마 상"
棟樑之材,동량지재,기둥이나 들보가 될 만한 훌륭한 인재,"마룻대 동, 들보 량, 갈 지, 재목 재"
得隴望蜀,득롱망촉,"농나라를 얻고 촉나라를 탐냄, 인간의 욕심은 끝이 없음","얻을 득, 고개 롱, 바랄 망, 촉나라 촉"
登高自卑,등고자비,높은 곳에 오르려면 낮은 곳에서부터 출발해야 함,"오를 등, 높을 고, 스스로 자, 낮을 비"
萬古常靑,만고상청,오랜 세월이 지나도 변함없이 푸름,"일만 만, 옛 고, 떳떳할 상, 푸를 청"
罔知所措,망지소조,어찌할 바를 모름,"없을 망, 알 지, 바 소, 둘 조"
麥秀之嘆,맥수지탄,나라가 망함을 한탄함,"보리 맥, 빼어날 수, 갈 지, 탄식할 탄"
命在頃刻,명재경각,"목숨이 눈 깜짝할 사이에 달려 있음, 곧 죽을 지경에 이름","목숨 명, 있을 재, 잠깐 경, 새길 각"
矛盾撞着,모순당착,앞뒤의 이치가 서로 맞지 않음,"창 모, 방패 순, 칠 당, 붙을 착"
無爲徒食,무위도식,아무 하는 일 없이 놀고먹음,"없을 무, 할 위, 무리 도, 밥 식"
刎頸之交,문경지교,"목을 벨 수 있는 사귐, 생사를 같이 할 수 있는 아주 친밀한 사귐","벨 문, 목 경, 갈 지, 사귈 교"
物外閑人,물외한인,세상의 시끄러움을 떠나 한가롭게 지내는 사람,"만물 물, 바깥 외, 한가할 한, 사람 인"
拔本塞源,발본색원,나쁜 일의 근본 원인을 완전히 없애버림,"뺄 발, 근본 본, 막을 색, 근원 원"
杯中蛇影,배중사영,"잔 속의 뱀 그림자, 아무것도 아닌 일에 의심을 품고 지나치게 근심함","잔 배, 가운데 중, 뱀 사, 그림자 영"
百戰老將,백전노장,"수많은 전투를 겪은 늙은 장수, 세상일에 경험이 많고 노련한 사람","일백 백, 싸울 전, 늙을 노, 장수 장"
百折不屈,백절불굴,백 번 꺾여도 굽히지 않음,"일백 백, 꺾을 절, 아닐 불, 굽을 굴"
附和雷同,부화뇌동,주관 없이 남의 의견에 따라 움직임,"붙을 부, 화할 화, 우레 뢰, 한가지 동"
粉骨碎身,분골쇄신,"뼈가 가루가 되고 몸이 부서짐, 있는 힘을 다해 노력함","가루 분, 뼈 골, 부술 쇄, 몸 신"
不撤晝夜,불철주야,밤낮을 가리지 않음,"아닐 불, 거둘 철, 낮 주, 밤 야"
四顧無親,사고무친,"사방을 둘러보아도 친척이 없음, 의지할 사람이 없이 외로움","넉 사, 돌아볼 고, 없을 무, 친할 친"
砂上樓閣,사상누각,"모래 위에 지은 집, 기초가 튼튼하지 못해 오래가지 못할 일","모래 사, 윗 상, 다락 루, 집 각"
山川草木,산천초목,"산과 내와 풀과 나무, 자연","뫼 산, 내 천, 풀 초, 나무 목"
生老病死,생로병사,나고 늙고 병들고 죽는 네 가지 고통,"날 생, 늙을 로, 병 병, 죽을 사"
修身齊家,수신제가,몸을 닦고 집안을 다스림,"닦을 수, 몸 신, 가지런할 제, 집 가"
食少事煩,식소사번,먹는 것은 적고 일은 많음,"밥 식, 적을 소, 일 사, 번거로울 번"
安貧樂道,안빈낙도,가난한 생활 속에서도 편안한 마음으로 도를 즐김,"편안할 안, 가난할 빈, 즐길 낙, 길 도"
魚魯不辨,어로불변,"어(魚)와 노(魯)를 구별하지 못함, 아주 무식함","고기 어, 미련할 로, 아닐 불, 분별할 변"
五里霧中,오리무중,"오 리나 되는 짙은 안개 속, 일의 갈피를 잡을 수 없음","다섯 오, 마을 리, 안개 무, 가운데 중"
烏飛梨落,오비이락,"까마귀 날자 배 떨어진다, 우연의 일치로 남의 의심을 받음","까마귀 오, 날 비, 배나무 리, 떨어질 락"
蝸牛角上,와우각상,"달팽이 뿔 위, 아주 좁은 세상이나 보잘것없는 싸움","달팽이 와, 소 우, 뿔 각, 윗 상"
外柔內剛,외유내강,겉은 부드러우나 속은 굳셈,"바깥 외, 부드러울 유, 안 내, 강할 강"
龍頭蛇尾,용두사미,"용의 머리에 뱀의 꼬리, 처음은 거창하나 끝은 흐지부지함","용 용, 머리 두, 뱀 사, 꼬리 미"
遠交近攻,원교근공,"먼 나라와는 친하게 지내고 가까운 나라는 침, 외교 정책의 하나","멀 원, 사귈 교, 가까울 근, 칠 공"
悠悠自適,유유자적,여유가 있어 한가롭게 지냄,"멀 유, 멀 유, 스스로 자, 맞을 적"
陰德陽報,음덕양보,남모르게 덕을 베푼 사람은 뒤에 드러나게 복을 받음,"그늘 음, 큰 덕, 볕 양, 갚을 보"
異口同聲,이구동성,"입은 다르나 소리는 같음, 여러 사람의 의견이 일치함","다를 이, 입 구, 한가지 동, 소리 성"
以卵擊石,이란격석,"계란으로 바위 치기, 약한 것으로 강한 것에 대항하려는 어리석음","써 이, 알 란, 칠 격, 돌 석"
一擧兩得,일거양득,한 번 들어 두 가지 이익을 얻음,"한 일, 들 거, 두 양, 얻을 득"
一筆揮之,일필휘지,단숨에 글씨나 그림을 그려냄,"한 일, 붓 필, 휘두를 휘, 갈 지"
自中之亂,자중지란,같은 패 안에서 일어나는 싸움,"스스로 자, 가운데 중, 갈 지, 어지러울 란"
自暴自棄,자포자기,"스스로 자신을 학대하고 버림, 절망하여 자신을 돌보지 않음","스스로 자, 사나울 포, 스스로 자, 버릴 기"
長袖善舞,장수선무,"소매가 길면 춤을 잘 춘다, 조건이 좋으면 일을 하기 쉬움","길 장, 소매 수, 착할 선, 춤출 무"
才子佳人,재자가인,재주가 있는 남자와 아름다운 여자,"재주 재, 놈 자, 아름다울 가, 사람 인"
前代未聞,전대미문,지금까지 들어본 적이 없는 놀라운 일,"앞 전, 대신할 대, 아닐 미, 들을 문"
前道洋洋,전도양양,"앞길이 넓은 바다와 같이 탁 트임, 장래가 밝음","앞 전, 길 도, 바다 양, 바다 양"
絶長補短,절장보단,"긴 것을 잘라 짧은 것을 보충함, 장점으로 단점을 보완함","끊을 절, 길 장, 기울 보, 짧을 단"
正正堂堂,정정당당,태도나 처지가 바르고 떳떳함,"바를 정, 바를 정, 집 당, 집 당"
朝令暮改,조령모개,"아침에 명령을 내리고 저녁에 다시 고침, 법령이나 주장이 자주 바뀜","아침 조, 하여금 령, 저물 모, 고칠 개"
坐井觀天,좌정관천,"우물에 앉아 하늘을 봄, 식견이 매우 좁음","앉을 좌, 우물 정, 볼 관, 하늘 천"
衆寡不敵,중과부적,적은 수로는 많은 수를 대적할 수 없음,"무리 중, 적을 과, 아닐 불, 원수 적"
知彼知己,지피지기,적을 알고 나를 앎,"알 지, 저 피, 알 지, 몸 기"
盡人事待天命,진인사대천명,"사람으로서 할 수 있는 일을 다하고 하늘의 뜻을 기다림 (5글자 예외, 널리 쓰임)","다할 진, 사람 인, 일 사, 기다릴 대, 하늘 천, 목숨 명"
波瀾萬丈,파란만장,"물결의 기복이 몹시 심함, 사건의 진행에 변화가 몹시 심함","물결 파, 물결 란, 일만 만, 어른 장"
表裏不同,표리부동,겉과 속이 같지 않음,"겉 표, 속 리, 아닐 불, 한가지 동"
風樹之歎,풍수지탄,"바람과 나무의 탄식, 부모가 돌아가셔서 효도를 다할 수 없는 슬픔","바람 풍, 나무 수, 갈 지, 탄식할 탄"
家和萬事成,가화만사성,집안이 화목하면 모든 일이 잘 이루어짐,"집 가, 화할 화, 일만 만, 일 사, 이룰 성"
各者圖生,각자도생,제각기 살아갈 방도를 꾀함,"각각 각, 놈 자, 그림 도, 날 생"
艱難辛苦,간난신고,몹시 힘들고 고생스러움,"어려울 간, 어려울 난, 매울 신, 쓸 고"
甘之飮之,감지음지,"달게 마시고 달게 먹음, 흔연히 받아들임","달 감, 갈 지, 마실 음, 갈 지"
見蚊拔劍,견문발검,"모기를 보고 칼을 뺌, 사소한 일에 화를 냄","볼 견, 모기 문, 뺄 발, 칼 검"
冠婚喪祭,관혼상제,"성인식, 결혼식, 장례식, 제사 (네 가지 예식)","갓 관, 혼인할 혼, 잃을 상, 제사 제"
同問西答,동문서답,묻는 말에 전혀 엉뚱한 대답을 함,"동녘 동, 물을 문, 서녘 서, 대답 답"
萬壽無疆,만수무강,오래오래 살아 끝이 없음,"일만 만, 목숨 수, 없을 무, 지경 강"
敬天愛人,경천애인,하늘을 공경하고 사람을 사랑함,"공경할 경, 하늘 천, 사랑할 애, 사람 인"
錦衣夜行,금의야행,"비단옷을 입고 밤길을 걸음, 아무 보람이 없는 행동","비단 금, 옷 의, 밤 야, 다닐 행"
落花流水,낙화유수,"떨어지는 꽃과 흐르는 물, 쇠락하는 세력이나 애틋한 정","떨어질 락, 꽃 화, 흐를 류, 물 수"
論功行賞,논공행상,세운 공을 논정하여 상을 줌,"논할 론, 공 공, 다닐 행, 상줄 상"
徒勞無益,도로무익,애만 쓰고 이로움이 없음,"무리 도, 수고할 로, 없을 무, 더할 익"
讀書三到,독서삼도,"책을 읽는 세 가지 방법 (눈, 입, 마음)","읽을 독, 글 서, 석 삼, 이를 도"
磨斧作針,마부작침,"도끼를 갈아 바늘을 만듦, 끈기 있게 노력하면 이룸","갈 마, 도끼 부, 지을 작, 바늘 침"
尾生之信,미생지신,융통성 없이 약속을 굳게 지킴,"꼬리 미, 날 생, 갈 지, 믿을 신"
白面書生,백면서생,글만 읽고 세상일에 경험이 없는 사람,"흰 백, 얼굴 면, 글 서, 날 생"
狡兎三窟,교토삼굴,"꾀 많은 토끼는 굴을 세 개 파 놓음, 교묘하게 재난을 피하는 꾀","교활할 교, 토끼 토, 석 삼, 굴 굴"
敎學相長,교학상장,가르치고 배우면서 서로 성장함,"가르칠 교, 배울 학, 서로 상, 길 장"
南柯一夢,남가일몽,"남쪽 나뭇가지 밑에서의 꿈, 덧없는 한때의 꿈","남녘 남, 가지 가, 한 일, 꿈 몽"
凍足放尿,동족방뇨,"언 발에 오줌 누기, 임시변통으로 한때를 넘기나 결국 더 나빠짐","얼 동, 발 족, 놓을 방, 오줌 뇨"
望雲之情,망운지정,구름을 바라보며 부모를 그리워하는 마음,"바랄 망, 구름 운, 갈 지, 뜻 정"
墨翟之守,묵적지수,"묵적의 지킴, 융통성 없이 자기의 의견이나 주장을 굳게 지킴","먹 묵, 꿩 적, 갈 지, 지킬 수"
博而不精,박이부정,넓게 알되 깊이가 없음,"넓을 박, 말 이, 아닐 부, 찧을 정"
百年河淸,백년하청,"황하의 맑아짐을 백 년 동안 기다림, 아무리 기다려도 이루어지기 어려움","일백 백, 해 년, 물 하, 맑을 청"
髀肉之歎,비육지탄,"넓적다리에 살이 찜을 한탄함, 재능을 발휘할 기회를 얻지 못해 헛되이 세월을 보냄을 한탄함","넓적다리 비, 고기 육, 갈 지, 탄식할 탄"
首鼠兩端,수서양단,"구멍에서 머리만 내밀고 엿보는 쥐, 진퇴를 결단하지 못하고 관망만 하는 상태","머리 수, 쥐 서, 두 량, 끝 단"
臥薪嘗膽,와신상담,"섶에 누워 쓸개를 맛봄, 원수를 갚기 위해 온갖 괴로움을 참고 견딤","누울 와, 섶 신, 맛볼 상, 쓸개 담"
牛叟馬勃,우수마발,"소의 오줌과 말의 똥, 가치 없는 약재나 보잘것없는 글","소 우, 늙은이 수, 말 마, 일어날 발"
韋編三絶,위편삼절,"가죽끈이 세 번 끊어짐, 책을 열심히 읽음","가죽 위, 엮을 편, 석 삼, 끊을 절"
自繩自縛,자승자박,"자기의 줄로 자기를 묶음, 자기가 한 말이나 행동 때문에 스스로 곤란하게 됨","스스로 자, 줄 승, 스스로 자, 묶을 박"
才勝薄德,재승박덕,재주가 뛰어나나 덕이 얇음,"재주 재, 이길 승, 얇을 박, 큰 덕"
前人未踏,전인미답,지금까지 아무도 발을 들여놓거나 도달한 적이 없음,"앞 전, 사람 인, 아닐 미, 밟을 답"
切磋琢磨,절차탁마,"옥돌을 자르고 쪼고 갈고 닦음, 학문과 덕행을 갈고 닦음","끊을 절, 갈 차, 쫄 탁, 갈 마"
指鹿爲馬,지록위마,"사슴을 가리켜 말이라고 함, 윗사람을 농락하여 권세를 마음대로 부림","가리킬 지, 사슴 록, 할 위, 말 마"
懲惡勸善,징악권선,악한 일을 징벌하고 착한 일을 권장함 (권선징악과 동의어),"징계할 징, 악할 악, 권할 권, 착할 선"
千羅地網,천라지망,"하늘의 그물과 땅의 그물, 피할 수 없는 촘촘한 포위망","일천 천, 그물 라, 땅 지, 그물 망"
千慮一失,천려일실,지혜로운 사람도 천 번 생각하면 한 번의 실수는 있음,"일천 천, 생각할 려, 한 일, 잃을 실"
胡蝶之夢,호접지몽,"나비가 된 꿈, 만물일체의 심경이나 인생의 덧없음","오랑캐 호, 나비 접, 갈 지, 꿈 몽"
可欺以方,가기이방,그럴듯한 말로 속일 수 있음,"옳을 가, 속일 기, 써 이, 모 방"
刻鵠類鶩,각곡유목,"고니를 새기려다 집오리가 됨, 훌륭한 것을 흉내내려다 실패함","새길 각, 고니 곡, 무리 류, 집오리 목"
看雲步月,간운보월,"구름을 바라보고 달빛 아래를 거님, 타향에서 집을 그리워함","볼 간, 구름 운, 걸음 보, 달 월"
剛木水生,강목수생,"단단한 나무에서 물이 남, 불가능한 일","굳을 강, 나무 목, 물 수, 날 생"
江上風月,강상풍월,"강 위로 부는 바람과 달, 자연의 아름다움","강 강, 윗 상, 바람 풍, 달 월"
犬馬之誠,견마지성,"개나 말 정도의 정성, 자기의 정성을 낮추어 부르는 말","개 견, 말 마, 갈 지, 정성 성"
謙讓之德,겸양지덕,겸손하고 사양하는 미덕,"겸손할 겸, 사양할 양, 갈 지, 큰 덕"
經國濟世,경국제세,나라를 다스리고 세상을 구함,"지날 경, 나라 국, 건널 제, 인간 세"
季布一諾,계포일낙,"계포의 한 번 승낙, 한 번 한 약속은 끝까지 지킴","끝 계, 베 포, 한 일, 허락할 낙"
鼓腹擊壤,고복격양,"배를 두드리고 흙덩이를 침, 태평성대를 뜻함","북 고, 배 복, 칠 격, 흙덩이 양"
古色蒼然,고색창연,오래되어 옛날의 풍치가 저절로 묻어남,"옛 고, 빛 색, 푸를 창, 그럴 연"
孤注一擲,고수일척,노름꾼이 남은 돈을 모조리 걸고 승부를 겨룸,"외로울 고, 물댈 주, 한 일, 던질 척"
空前絶後,공전절후,이전에도 없었고 앞으로도 없음,"빌 공, 앞 전, 끊을 절, 뒤 후"
曠日彌久,광일미구,오랫동안 쓸데없이 세월만 보냄,"빌 광, 날 일, 두루 미, 오랠 구"
軍機漏洩,군기누설,군사 기밀을 누설함,"군사 군, 틀 기, 샐 누, 샐 설"
捲土重來,권토중래,"흙먼지를 일으키며 다시 옴, 실패를 딛고 다시 일어남","말 권, 흙 토, 무거울 중, 올 래"
金石盟約,금석맹약,쇠나 돌처럼 굳고 변함없는 약속,"쇠 금, 돌 석, 맹세 맹, 맺을 약"
金石之交,금석지교,쇠와 돌처럼 굳고 변함없는 사귐,"쇠 금, 돌 석, 갈 지, 사귈 교"
杞人之憂,기인지우,"기나라 사람의 근심, 쓸데없는 걱정","기나라 기, 사람 인, 갈 지, 근심 우"
亂臣賊子,난신적자,나라를 어지럽히는 신하와 어버이를 해치는 자식,"어지러울 란, 신하 신, 도둑 적, 아들 자"
南橘北枳,남귤북지,"남쪽의 귤이 북쪽으로 가면 탱자가 됨, 환경의 중요성","남녘 남, 귤 귤, 북녘 북, 탱자 지"
狼子野心,낭자야심,이리 새끼는 커서도 야생의 습성을 버리지 못함,"이리 랑, 아들 자, 들 야, 마음 심"
內省不疚,내성불구,마음속으로 반성하여 부끄러움이 없음,"안 내, 살필 성, 아닐 불, 병 구"
綠衣紅裳,녹의홍상,"연두저고리와 다홍치마, 젊은 여인의 고운 옷차림","푸를 록, 옷 의, 붉을 홍, 치마 상"
斷金之交,단금지교,쇠를 자를 만큼 굳은 사귐,"끊을 단, 쇠 금, 갈 지, 사귈 교"
丹脣皓齒,단순호치,"붉은 입술과 하얀 이, 미인의 얼굴","붉을 단, 입술 순, 흴 호, 이 치"
堂狗風月,당구풍월,서당 개 삼 년이면 풍월을 읊는다,"집 당, 개 구, 바람 풍, 달 월"
大同團結,대동단결,많은 사람이나 여러 갈래의 당파가 큰 목적을 위해 하나로 뭉침,"클 대, 한가지 동, 둥글 단, 맺을 결"
塗炭之苦,도탄지고,"진흙탕에 빠지고 숯불에 타는 고통, 몹시 비참한 지경","칠할 도, 숯 탄, 갈 지, 쓸 고"
孟母斷機,맹모단기,"맹자 어머니가 베틀의 실을 끊음, 학업 중단의 경계","맏 맹, 어미 모, 끊을 단, 틀 기"
無不通知,무불통지,무엇이든 통해서 알지 못하는 것이 없음,"없을 무, 아닐 불, 통할 통, 알 지"
文房四友,문방사우,"서재에 있는 네 가지 벗, 종이, 붓, 먹, 벼루","글 문, 방 방, 넉 사, 벗 우"
聞一知十,문일지십,"하나를 들으면 열을 앎, 매우 총명함","들을 문, 한 일, 알 지, 열 십"
百八煩惱,백팔번뇌,불교에서 이르는 108가지 번뇌,"일백 백, 여덟 팔, 번거로울 번, 뇌할 뇌"
夫唱婦隨,부창부수,"남편이 부르면 아내가 따름, 부부간의 화합","지아비 부, 부를 창, 며느리 부, 따를 수"
不問曲直,불문곡직,옳고 그름을 묻지 않고 함부로 행동함,"아닐 불, 물을 문, 굽을 곡, 곧을 직"
朋友有信,붕우유신,벗과 벗 사이에는 믿음이 있어야 함,"벗 붕, 벗 우, 있을 유, 믿을 신"
牝鷄之晨,빈계지신,"암탉이 새벽을 알림, 여자가 나서서 집안을 좌지우지함","암컷 빈, 닭 계, 갈 지, 새벽 신"
氷炭不相容,빙탄불상용,얼음과 숯불은 서로 용납하지 않음,"얼음 빙, 숯 탄, 아닐 불, 서로 상, 얼굴 용"
士農工商,사농공상,"선비, 농부, 공장, 상인","선비 사, 농사 농, 장인 공, 장사 상"
山明水麗,산명수려,"산이 맑고 물이 고움, 경치가 아름다움","뫼 산, 밝을 명, 물 수, 고울 려"
生面不知,생면부지,만나본 적이 없어 전혀 모르는 사람,"날 생, 얼굴 면, 아닐 불, 알 지"
噬臍莫及,서제막급,"제 배꼽을 물려고 해도 미치지 못함, 후회해도 소용없음","씹을 서, 배꼽 제, 없을 막, 미칠 급"
先公後私,선공후사,공적인 일을 먼저 하고 사적인 일을 뒤로 미룸,"먼저 선, 공평할 공, 뒤 후, 사사로울 사"
說往說來,설왕설래,말이 오가며 옥신각신함,"말씀 설, 갈 왕, 말씀 설, 올 래"
所向無敵,소향무적,가는 곳마다 적이 없음,"바 소, 향할 향, 없을 무, 원수 적"
手不釋卷,수불석권,"손에서 책을 놓지 않음, 열심히 공부함","손 수, 아닐 불, 풀 석, 책 권"
宿虎衝鼻,숙호충비,"잠자는 호랑이의 코를 찌름, 화를 자초함","잘 숙, 범 호, 찌를 충, 코 비"
眼高手卑,안고수비,"눈은 높으나 손은 낮음, 이상은 높으나 실력이 따르지 못함","눈 안, 높을 고, 손 수, 낮을 비"
梁上君子,양상군자,"들보 위의 군자, 도둑을 점잖게 부르는 말","들보 량, 윗 상, 임금 군, 아들 자"
傲霜孤節,오상고절,"서리에도 굴하지 않는 외로운 절개, 국화를 뜻함","거만할 오, 서리 상, 외로울 고, 마디 절"
殷鑑不遠,은감불원,거울삼아 경계할 만한 것은 멀리 있지 않음,"은나라 은, 거울 감, 아닐 불, 멀 원"
移木之信,이목지신,"나무를 옮기게 하여 믿음을 줌, 약속을 지킴","옮길 이, 나무 목, 갈 지, 믿을 신"
立春大吉,입춘대길,입춘을 맞이하여 크게 길함을 기원함,"설 립, 봄 춘, 클 대, 길할 길"
月下氷人,월하빙인,"월하노인과 빙상인, 중매쟁이","달 월, 아래 하, 얼음 빙, 사람 인"
酒池肉林,주지육림,"술로 연못을 이루고 고기로 숲을 이룸, 호화롭고 방탕함","술 주, 못 지, 고기 육, 수풀 림"
知音之交,지음지교,"소리를 알아듣는 사귐, 마음이 통하는 벗","알 지, 소리 음, 갈 지, 사귈 교"
天地開闢,천지개벽,"하늘과 땅이 처음으로 열림, 세상이 크게 변함","하늘 천, 땅 지, 열 개, 열 벽"
天下泰平,천하태평,온 세상이 근심 없이 편안함,"하늘 천, 아래 하, 클 태, 평평할 평"
寸陰是競,촌음시경,짧은 시간도 다투어 아껴 씀,"마디 촌, 그늘 음, 이 시, 다툴 경"
追遠報本,추원보본,조상의 덕을 추모하여 제사 지내고 은혜에 보답함,"쫓을 추, 멀 원, 갚을 보, 근본 본"
春夏秋冬,춘하추동,"봄, 여름, 가을, 겨울","봄 춘, 여름 하, 가을 추, 겨울 동"
琢磨之功,탁마지공,"옥을 갈고 닦는 공, 학문이나 기예를 연마함","쫄 탁, 갈 마, 갈 지, 공 공"
風餐露宿,풍찬노숙,"바람을 먹고 이슬에 잠, 큰 고생을 겪음","바람 풍, 먹을 찬, 이슬 로, 잘 숙"
匹夫之勇,필부지용,좁은 소견으로 혈기만 믿고 부리는 용기,"짝 필, 지아비 부, 갈 지, 용기 용"
夏爐冬扇,하로동선,"여름의 화로와 겨울의 부채, 철에 맞지 않아 쓸모없음","여름 하, 화로 로, 겨울 동, 부채 선"
下石上臺,하석상대,"아랫돌 빼서 윗돌 괴기, 임시변통으로 넘김","아래 하, 돌 석, 윗 상, 대 대"
邯鄲之夢,한단지몽,"한단에서의 꿈, 인생의 덧없음","조나라서울 한, 조나라서울 단, 갈 지, 꿈 몽"
邯鄲之步,한단지보,"한단의 걸음, 남을 흉내 내다 제 본분마저 잃음","조나라서울 한, 조나라서울 단, 갈 지, 걸음 보"
偕老同穴,해로동혈,살아서는 함께 늙고 죽어서는 한 무덤에 묻힘,"함께 해, 늙을 로, 한가지 동, 구멍 혈"
行雲流水,행운유수,"떠가는 구름과 흐르는 물, 자연스럽고 거침없음","다닐 행, 구름 운, 흐를 류, 물 수"
好衣好食,호의호식,"좋은 옷과 좋은 음식, 호화로운 생활","좋을 호, 옷 의, 좋을 호, 밥 식"
花鳥月夕,화조월석,"꽃 피는 아침과 달 밝은 저녁, 경치가 좋은 시절","꽃 화, 새 조, 달 월, 저녁 석"
興亡盛衰,흥망성쇠,흥하고 망하고 성하고 쇠함,"일 흥, 망할 망, 성할 성, 쇠할 쇠"
欺霜傲雪,기상설해,"서리를 업신여기고 눈에 오만함, 굳은 절개","속일 기, 서리 상, 거만할 오, 눈 설"
無爲自然,무위자연,인위적인 것을 버리고 자연의 순리대로 삶,"없을 무, 할 위, 스스로 자, 그럴 연"
蚌鷸之爭,방휼지쟁,"방합과 도요새의 다툼, 제삼자가 이익을 챙김","방합 방, 도요새 휼, 갈 지, 다툴 쟁"
夫爲婦綱,부위부강,아내는 남편을 섬기는 도리가 있어야 함,"지아비 부, 할 위, 며느리 부, 벼리 강"
父爲子綱,부위자강,자식은 아버지를 섬기는 도리가 있어야 함,"아비 부, 할 위, 아들 자, 벼리 강"
父子有親,부자유친,아버지와 자식 사이에는 친함이 있어야 함,"아비 부, 아들 자, 있을 유, 친할 친"
悲憤慷慨,비분강개,슬프고 분하여 의분이 북받침,"슬플 비, 분할 분, 강개할 강, 슬퍼할 개"
活殺自在,활살자재,살리고 죽이는 것을 마음대로 함,"살 활, 죽일 살, 스스로 자, 있을 재"
瓜田李下,과전이하,"오이 밭과 오얏나무 아래, 의심받을 행동을 피함","오이 과, 밭 전, 오얏 리, 아래 하"
和光同塵,화광동진,지혜의 빛을 늦추고 속세의 먼지와 함께함,"화할 화, 빛 광, 한가지 동, 티끌 진"
萬頃蒼波,만경창파,한없이 넓고 푸른 바다,"일만 만, 이랑 경, 푸를 창, 물결 파"
同門受學,동문수학,한 스승 밑에서 함께 학문을 배움,"한가지 동, 문 문, 받을 수, 배울 학"
白衣從軍,백의종군,벼슬 없이 평복으로 군대에 복무함,"흰 백, 옷 의, 좇을 종, 군사 군"